{"stats":{"minecraft:killed_by":{"minecraft:vindicator":4,"endofherobrine:pigman":1},"minecraft:killed":{"minecraft:pillager":4},"minecraft:custom":{"lootr:looted_stat":21,"minecraft:mob_kills":4,"minecraft:interact_with_crafting_table":1,"minecraft:leave_game":2,"minecraft:time_since_death":1427,"minecraft:sleep_in_bed":2,"minecraft:climb_one_cm":7837,"minecraft:time_since_rest":1455,"minecraft:sprint_one_cm":61344,"minecraft:damage_taken":1963,"minecraft:walk_one_cm":171689,"minecraft:trigger_trapped_chest":1,"minecraft:drop":34,"minecraft:damage_dealt":1272,"minecraft:swim_one_cm":27689,"minecraft:fly_one_cm":151637,"minecraft:open_chest":6,"minecraft:crouch_one_cm":2341,"minecraft:play_time":81856,"minecraft:deaths":5,"minecraft:sneak_time":1065,"minecraft:walk_under_water_one_cm":11037,"minecraft:jump":917,"minecraft:walk_on_water_one_cm":16381,"minecraft:total_world_time":81856,"minecraft:fall_one_cm":26688},"minecraft:dropped":{"minecraft:iron_ingot":3,"quark:seed_pouch":2,"create:rose_quartz":4,"minecraft:spyglass":1,"minecraft:wheat_seeds":2,"minecraft:stone_sword":1,"alexsmobs:animal_dictionary":1,"alexsmobs:blobfish":2,"minecraft:oak_sign":1,"patchouli:guide_book":2,"minecraft:cod":3,"minecraft:flint":1,"minecraft:pufferfish":2,"minecraft:iron_chestplate":1,"minecraft:cooked_cod":2,"apotheosis:gem":3,"minecraft:oak_sapling":1,"chileancraft:semilla_de_choclo":1,"minecraft:sunflower":1,"minecraft:bow":1,"minecraft:paper":16,"minecraft:tripwire_hook":1,"alexsmobs:raccoon_tail":1,"minecraft:redstone":1},"minecraft:used":{"alexsmobs:raw_catfish":1,"minecraft:water_bucket":1,"supplementaries:sack":1,"minecraft:stone_sword":11,"minecraft:oak_planks":3,"minecraft:iron_sword":7,"alexsmobs:bison_fur_block":1,"minecraft:cookie":5,"minecraft:spyglass":15,"minecraft:dirt":2,"minecraft:sand":1,"minecraft:mutton":3,"minecraft:oak_slab":2,"a_man_with_plushies:peashooter_plush":2,"alexsmobs:flying_fish":2,"minecraft:melon_slice":5,"minecraft:bread":4,"carryon:entity_item":5,"minecraft:iron_door":1,"minecraft:lilac":1,"quark:slime_in_a_bucket":1,"minecraft:written_book":2,"minecraft:cooked_cod":1,"minecraft:bucket":1,"alexsmobs:animal_dictionary":1,"comforts:sleeping_bag_white":2,"minecraft:experience_bottle":1},"minecraft:mined":{"minecraft:oak_slab":1,"a_man_with_plushies:peashooter_plush":2,"biomesoplenty:bush":3,"minecraft:grass_block":2,"supplementaries:sack":1,"biomesoplenty:sprout":3,"minecraft:oak_planks":3,"biomesoplenty:dune_grass":292,"minecraft:skeleton_skull":1,"minecraft:tall_seagrass":1,"quark:bonded_leather":1,"minecraft:fire":2,"minecraft:lilac":1,"biomesoplenty:sea_oats":96,"minecraft:grass":5,"minecraft:oak_sign":1,"minecraft:sand":1,"minecraft:dirt":1,"minecraft:tripwire_hook":1,"minecraft:fern":6},"minecraft:picked_up":{"minecraft:lilac":1,"minecraft:iron_chestplate":1,"a_man_with_plushies:peashooter_plush":3,"minecraft:iron_door":1,"minecraft:tripwire_hook":1,"alexsmobs:bison_fur_block":1,"minecraft:dirt":2,"minecraft:paper":8,"quark:bonded_leather":1,"minecraft:pufferfish":1,"minecraft:oak_sign":1,"minecraft:bow":1,"minecraft:wheat_seeds":2,"comforts:sleeping_bag_white":3,"alexsmobs:raccoon_tail":1,"minecraft:melon_slice":7,"minecraft:oak_planks":3,"minecraft:oak_slab":2,"apotheosis:gem":1,"patchouli:guide_book":1,"supplementaries:sack":1,"minecraft:sand":1,"quark:seed_pouch":1,"quark:slime_in_a_bucket":1,"chileancraft:semilla_de_choclo":1,"minecraft:redstone":1,"create:rose_quartz":2,"minecraft:oak_sapling":1,"minecraft:skeleton_skull":1,"alexsmobs:flying_fish":2,"minecraft:sunflower":1}},"DataVersion":2975}