{"stats":{"minecraft:killed_by":{"minecraft:iron_golem":1,"minecraft:vindicator":3},"minecraft:crafted":{"minecraft:oak_planks":96,"comforts:sleeping_bag_white":2,"minecraft:iron_axe":1,"minecraft:crimson_planks":48,"minecraft:diamond_sword":1,"minecraft:crafting_table":2,"minecraft:spruce_planks":160,"minecraft:shield":1,"minecraft:stick":12,"minecraft:iron_pickaxe":1,"minecraft:wooden_axe":1,"minecraft:white_bed":1,"minecraft:torch":4},"minecraft:killed":{"endofherobrine:builder":1,"alexsmobs:raccoon":1,"minecraft:vindicator":14,"minecraft:zoglin":1,"minecraft:chicken":1,"endofherobrine:lurker":1,"minecraft:pig":3,"minecraft:pillager":7,"minecraft:zombie":1,"alexsmobs:terrapin":1,"alexsmobs:fly":1,"quark:wraith":1},"minecraft:dropped":{"minecraft:crimson_planks":25,"minecraft:wheat_seeds":3,"minecraft:feather":1,"minecraft:pufferfish":1,"minecraft:wooden_axe":1,"minecraft:melon_slice":7,"minecraft:iron_axe":1,"minecraft:paper":8,"alexsmobs:raccoon_tail":1,"a_man_with_plushies:peashooter_plush":2,"quark:slime_in_a_bucket":2,"alexsmobs:animal_dictionary":1,"patchouli:guide_book":1,"supplementaries:cage":2,"minecraft:iron_chestplate":1,"apotheosis:gem":4,"minecraft:oak_sapling":7,"comforts:sleeping_bag_white":1},"minecraft:custom":{"minecraft:interact_with_smithing_table":3,"lootr:looted_stat":23,"minecraft:mob_kills":36,"minecraft:interact_with_crafting_table":9,"minecraft:open_barrel":2,"minecraft:interact_with_campfire":6,"minecraft:leave_game":5,"minecraft:time_since_death":18448,"minecraft:climb_one_cm":8978,"minecraft:damage_resisted":150,"minecraft:sprint_one_cm":423665,"minecraft:walk_one_cm":110410,"minecraft:damage_blocked_by_shield":888,"minecraft:drop":29,"minecraft:talked_to_villager":6,"minecraft:play_time":108572,"minecraft:deaths":4,"minecraft:sneak_time":6982,"minecraft:walk_under_water_one_cm":4801,"minecraft:jump":1236,"minecraft:interact_with_brewingstand":1,"minecraft:walk_on_water_one_cm":10995,"minecraft:total_world_time":108572,"spartanshields:shield_bash_hits":13,"minecraft:sleep_in_bed":5,"minecraft:time_since_rest":12288,"minecraft:damage_taken":3601,"minecraft:damage_absorbed":700,"minecraft:trigger_trapped_chest":4,"minecraft:damage_dealt":11413,"minecraft:swim_one_cm":31440,"minecraft:fly_one_cm":437510,"minecraft:open_chest":9,"minecraft:crouch_one_cm":17162,"minecraft:fall_one_cm":42061},"minecraft:used":{"minecraft:stone_sword":5,"minecraft:flint_and_steel":6,"minecraft:tropical_fish":1,"minecraft:spruce_planks":23,"minecraft:shield":26,"minecraft:cooked_chicken":1,"minecraft:iron_chestplate":1,"minecraft:torch":4,"minecraft:spruce_stairs":3,"minecraft:wooden_axe":7,"alexsmobs:maggot":1,"a_man_with_plushies:meat_boy_plush":4,"alexsmobs:bison_carpet":1,"minecraft:iron_axe":1,"carryon:entity_item":3,"minecraft:iron_helmet":1,"minecraft:iron_boots":1,"minecraft:crimson_planks":9,"quark:rusty_iron_plate":1,"minecraft:sweet_berries":44,"minecraft:cooked_cod":6,"comforts:sleeping_bag_white":5,"minecraft:potato":4,"alexsmobs:blobfish":3,"alexsmobs:raw_catfish":1,"minecraft:water_bucket":1,"minecraft:oak_planks":2,"minecraft:salmon":3,"minecraft:golden_apple":1,"minecraft:crafting_table":2,"minecraft:white_bed":1,"minecraft:cod":13,"minecraft:apple":1,"supplementaries:cage":1,"quark:yellow_corundum":1,"minecraft:bread":14,"minecraft:melon_slice":1,"minecraft:iron_pickaxe":10,"quark:soul_bead":3,"minecraft:pufferfish":1,"minecraft:stone_axe":97,"minecraft:enchanted_book":1,"minecraft:diamond_sword":127,"quark:slime_in_a_bucket":2,"minecraft:cooked_porkchop":5,"minecraft:porkchop":5,"minecraft:smithing_table":1,"minecraft:bucket":1,"alexsmobs:animal_dictionary":2,"minecraft:chainmail_leggings":1},"minecraft:picked_up":{"minecraft:anvil":2,"minecraft:smithing_table":2,"minecraft:enchanted_book":1,"minecraft:string":3,"minecraft:iron_axe":1,"minecraft:pufferfish":1,"comforts:sleeping_bag_white":5,"minecraft:spruce_planks":6,"alexsmobs:raccoon_tail":1,"supplementaries:cage":2,"minecraft:melon_slice":8,"minecraft:sugar_cane":8,"minecraft:stick":11,"minecraft:stripped_crimson_hyphae":12,"apotheosis:gem":6,"minecraft:spruce_stairs":3,"minecraft:porkchop":5,"quark:slime_in_a_bucket":1,"minecraft:redstone":9,"quark:yellow_corundum":1,"minecraft:arrow":5,"minecraft:rotten_flesh":1,"minecraft:cooked_cod":5,"minecraft:cod":3,"minecraft:white_wool":97,"a_man_with_plushies:peashooter_plush":1,"minecraft:feather":1,"quark:rusty_iron_plate":1,"minecraft:oak_log":10,"minecraft:paper":8,"minecraft:wheat_seeds":3,"minecraft:iron_ingot":3,"minecraft:cooked_chicken":1,"quark:soul_bead":1,"minecraft:oak_planks":3,"minecraft:book":3,"minecraft:cooked_porkchop":5,"minecraft:sweet_berries":37,"patchouli:guide_book":1,"minecraft:spruce_sapling":6,"minecraft:spruce_log":30,"minecraft:dark_oak_log":1,"alexsmobs:bison_carpet":1,"minecraft:oak_wood":14,"a_man_with_plushies:meat_boy_plush":3,"minecraft:emerald":7,"alexsmobs:maggot":1,"minecraft:oak_sapling":7},"minecraft:mined":{"quark:dark_oak_bookshelf":1,"minecraft:spruce_planks":6,"minecraft:dark_oak_log":1,"minecraft:stripped_crimson_hyphae":12,"minecraft:grass_block":1,"minecraft:redstone_wire":10,"quark:yellow_corundum":1,"minecraft:spruce_leaves":1,"minecraft:spawner":3,"comforts:sleeping_bag_white":1,"minecraft:tall_seagrass":1,"minecraft:fire":35,"minecraft:anvil":2,"a_man_with_plushies:meat_boy_plush":3,"minecraft:white_wool":97,"minecraft:tripwire":3,"minecraft:smithing_table":2,"alexsmobs:bison_carpet":1,"supplementaries:book_pile":1,"minecraft:oak_wood":14,"minecraft:melon":2,"biomesoplenty:sprout":10,"minecraft:sugar_cane":5,"minecraft:oak_planks":3,"minecraft:iron_door":1,"supplementaries:cage":1,"minecraft:spruce_stairs":3,"minecraft:seagrass":1,"minecraft:sweet_berry_bush":16,"minecraft:spruce_log":30,"minecraft:grass":9,"quark:rusty_iron_plate":1,"minecraft:oak_log":10,"alexsmobs:bison_fur_block":1,"minecraft:sunflower":1,"minecraft:oak_leaves":119,"minecraft:deepslate":1,"minecraft:fern":4}},"DataVersion":2975}