{"stats":{"minecraft:custom":{"minecraft:open_chest":2,"minecraft:time_since_rest":26118,"minecraft:crouch_one_cm":2517,"minecraft:play_time":26118,"lootr:looted_stat":2,"minecraft:sprint_one_cm":97219,"minecraft:damage_taken":686,"minecraft:walk_one_cm":22996,"minecraft:sneak_time":986,"minecraft:walk_under_water_one_cm":4880,"minecraft:drop":2,"minecraft:jump":456,"minecraft:damage_dealt":39,"minecraft:leave_game":3,"minecraft:walk_on_water_one_cm":13245,"minecraft:time_since_death":26118,"minecraft:climb_one_cm":1278,"minecraft:total_world_time":26118,"minecraft:interact_with_crafting_table":1,"minecraft:fall_one_cm":13822,"minecraft:swim_one_cm":94744,"minecraft:talked_to_villager":1,"minecraft:tune_noteblock":3,"minecraft:fly_one_cm":93460},"minecraft:crafted":{"chileancraft:mil_pesos":1,"minecraft:oak_planks":56,"minecraft:crafting_table":1,"minecraft:stick":12,"minecraft:wooden_axe":1},"minecraft:picked_up":{"minecraft:stick":1,"minecraft:oak_log":14,"minecraft:oak_sapling":3},"minecraft:used":{"minecraft:wooden_axe":12,"chileancraft:anticucho":1,"minecraft:crafting_table":1,"minecraft:oak_planks":7,"carryon:entity_item":1,"chileancraft:empadana_de_pino":1,"minecraft:cooked_beef":8},"minecraft:mined":{"minecraft:grass":1,"minecraft:oak_log":17,"alexsmobs:leafcutter_anthill":1,"minecraft:oak_leaves":2},"minecraft:dropped":{"minecraft:wooden_axe":1,"minecraft:oak_sapling":3}},"DataVersion":2975}