{"stats":{"minecraft:custom":{"minecraft:time_since_rest":3953,"minecraft:deaths":2,"minecraft:play_time":17415,"minecraft:crouch_one_cm":1315,"lootr:looted_stat":2,"minecraft:sprint_one_cm":49546,"minecraft:damage_absorbed":40,"minecraft:damage_taken":945,"minecraft:walk_one_cm":29411,"minecraft:sneak_time":630,"minecraft:walk_under_water_one_cm":4957,"minecraft:mob_kills":1,"minecraft:boat_one_cm":460,"minecraft:jump":354,"minecraft:damage_dealt":580,"minecraft:leave_game":2,"minecraft:walk_on_water_one_cm":4597,"minecraft:time_since_death":3921,"minecraft:climb_one_cm":1494,"minecraft:total_world_time":17415,"minecraft:swim_one_cm":46773,"minecraft:talked_to_villager":12,"minecraft:fall_one_cm":14051,"minecraft:fly_one_cm":69841},"minecraft:picked_up":{"minecraft:gravel":7,"minecraft:spruce_planks":1,"minecraft:flint":1,"minecraft:oak_boat":1,"bloodandmadness:blood_stone_shard":2,"minecraft:dirt":4},"minecraft:used":{"minecraft:dirt":4,"minecraft:oak_boat":2,"alexsmobs:animal_dictionary":1,"minecraft:spruce_planks":1,"minecraft:cooked_beef":2},"minecraft:mined":{"biomesoplenty:clover":1,"minecraft:grass_block":3,"minecraft:spruce_planks":1,"minecraft:gravel":2,"minecraft:dirt":1},"minecraft:killed":{"bloodandmadness:celestial_emissary":1}},"DataVersion":2975}